Question,Difficulty,Programming Language,code_solution,complexity_info,explanation_text,Topic
Problem 3: Solve a Databases challenge in Kotlin,Hard,JavaScript,"def solution():
    # Implement Graph Theory logic here
    pass",O(n^2),This solution optimally solves Machine Learning with a time complexity of O(n^2).,Dynamic Programming
Problem 4: Solve a Recursion challenge in Python,Easy,Swift,"def solution():
    # Implement OOP Concepts logic here
    pass",O(n^2),This solution optimally solves Graph Theory with a time complexity of O(n^2).,Data Structures
Problem 5: Solve a OOP Concepts challenge in Python,Easy,Swift,"def solution():
    # Implement Sorting Algorithms logic here
    pass",O(n^2),This solution optimally solves OOP Concepts with a time complexity of O(n^2).,Sorting Algorithms
Problem 8: Solve a Dynamic Programming challenge in C++,Hard,Python,"def solution():
    # Implement Sorting Algorithms logic here
    pass",O(1),This solution optimally solves OOP Concepts with a time complexity of O(1).,Data Structures
Problem 10: Solve a Machine Learning challenge in JavaScript,Hard,Rust,"def solution():
    # Implement Sorting Algorithms logic here
    pass",O(n log n),This solution optimally solves Machine Learning with a time complexity of O(n log n).,Dynamic Programming
Problem 11: Solve a Dynamic Programming challenge in Java,Hard,JavaScript,"def solution():
    # Implement Data Structures logic here
    pass",O(n log n),This solution optimally solves Data Structures with a time complexity of O(n log n).,Sorting Algorithms
Problem 13: Solve a Graph Theory challenge in C++,Hard,Rust,"def solution():
    # Implement Databases logic here
    pass",O(n^2),This solution optimally solves OOP Concepts with a time complexity of O(n^2).,Dynamic Programming
Problem 14: Solve a Graph Theory challenge in Java,Easy,JavaScript,"def solution():
    # Implement Databases logic here
    pass",O(n^2),This solution optimally solves Graph Theory with a time complexity of O(n^2).,Recursion
Problem 16: Solve a Sorting Algorithms challenge in Rust,Hard,Swift,"def solution():
    # Implement Machine Learning logic here
    pass",O(1),This solution optimally solves Databases with a time complexity of O(1).,Data Structures
Problem 17: Solve a Data Structures challenge in JavaScript,Hard,Rust,"def solution():
    # Implement Sorting Algorithms logic here
    pass",O(n log n),This solution optimally solves Sorting Algorithms with a time complexity of O(n log n).,Dynamic Programming
Problem 18: Solve a Databases challenge in C++,Hard,Go,"def solution():
    # Implement Data Structures logic here
    pass",O(n log n),This solution optimally solves Data Structures with a time complexity of O(n log n).,Sorting Algorithms
Problem 21: Solve a Data Structures challenge in C++,Hard,Python,"def solution():
    # Implement Recursion logic here
    pass",O(log n),This solution optimally solves Recursion with a time complexity of O(log n).,Graph Theory
Problem 22: Solve a Sorting Algorithms challenge in Java,Medium,Kotlin,"def solution():
    # Implement Graph Theory logic here
    pass",O(n log n),This solution optimally solves Databases with a time complexity of O(n log n).,Data Structures
Problem 23: Solve a Databases challenge in Python,Easy,JavaScript,"def solution():
    # Implement Recursion logic here
    pass",O(1),This solution optimally solves Data Structures with a time complexity of O(1).,Recursion
Problem 24: Solve a Graph Theory challenge in Rust,Hard,C++,"def solution():
    # Implement Data Structures logic here
    pass",O(n),This solution optimally solves Machine Learning with a time complexity of O(n).,Data Structures
Problem 27: Solve a Graph Theory challenge in Kotlin,Easy,Swift,"def solution():
    # Implement Machine Learning logic here
    pass",O(n^2),This solution optimally solves OOP Concepts with a time complexity of O(n^2).,Graph Theory
Problem 28: Solve a Data Structures challenge in Python,Hard,Java,"def solution():
    # Implement Graph Theory logic here
    pass",O(n^2),This solution optimally solves Dynamic Programming with a time complexity of O(n^2).,Recursion
Problem 30: Solve a Recursion challenge in Python,Easy,C++,"def solution():
    # Implement Dynamic Programming logic here
    pass",O(n^2),This solution optimally solves Recursion with a time complexity of O(n^2).,Data Structures
Problem 31: Solve a Databases challenge in Rust,Hard,Rust,"def solution():
    # Implement Graph Theory logic here
    pass",O(log n),This solution optimally solves Recursion with a time complexity of O(log n).,Data Structures
Problem 32: Solve a Dynamic Programming challenge in Python,Easy,Java,"def solution():
    # Implement Data Structures logic here
    pass",O(n),This solution optimally solves Dynamic Programming with a time complexity of O(n).,Sorting Algorithms
Problem 33: Solve a Recursion challenge in C++,Easy,Java,"def solution():
    # Implement Dynamic Programming logic here
    pass",O(1),This solution optimally solves Dynamic Programming with a time complexity of O(1).,Dynamic Programming
Problem 34: Solve a Databases challenge in Java,Medium,JavaScript,"def solution():
    # Implement Machine Learning logic here
    pass",O(n log n),This solution optimally solves Machine Learning with a time complexity of O(n log n).,Dynamic Programming
Problem 35: Solve a Dynamic Programming challenge in Java,Hard,Rust,"def solution():
    # Implement Recursion logic here
    pass",O(log n),This solution optimally solves Data Structures with a time complexity of O(log n).,Graph Theory
Problem 37: Solve a Dynamic Programming challenge in Swift,Easy,Python,"def solution():
    # Implement Sorting Algorithms logic here
    pass",O(n log n),This solution optimally solves Machine Learning with a time complexity of O(n log n).,Recursion
Problem 38: Solve a Dynamic Programming challenge in Python,Hard,Java,"def solution():
    # Implement Graph Theory logic here
    pass",O(n^2),This solution optimally solves Recursion with a time complexity of O(n^2).,Recursion
Problem 40: Solve a Recursion challenge in JavaScript,Easy,Rust,"def solution():
    # Implement Recursion logic here
    pass",O(log n),This solution optimally solves Machine Learning with a time complexity of O(log n).,Recursion
Problem 42: Solve a Machine Learning challenge in JavaScript,Medium,Java,"def solution():
    # Implement Databases logic here
    pass",O(1),This solution optimally solves Graph Theory with a time complexity of O(1).,Recursion
Problem 43: Solve a Dynamic Programming challenge in JavaScript,Hard,Go,"def solution():
    # Implement Dynamic Programming logic here
    pass",O(n log n),This solution optimally solves Recursion with a time complexity of O(n log n).,Dynamic Programming
Problem 45: Solve a Machine Learning challenge in Swift,Hard,C++,"def solution():
    # Implement Databases logic here
    pass",O(n^2),This solution optimally solves Graph Theory with a time complexity of O(n^2).,Graph Theory
Problem 46: Solve a Dynamic Programming challenge in C++,Hard,Swift,"def solution():
    # Implement Data Structures logic here
    pass",O(1),This solution optimally solves Machine Learning with a time complexity of O(1).,Dynamic Programming
Problem 50: Solve a Dynamic Programming challenge in Go,Easy,Kotlin,"def solution():
    # Implement Graph Theory logic here
    pass",O(n log n),This solution optimally solves OOP Concepts with a time complexity of O(n log n).,Recursion
Problem 52: Solve a Data Structures challenge in JavaScript,Easy,C++,"def solution():
    # Implement Graph Theory logic here
    pass",O(n),This solution optimally solves Sorting Algorithms with a time complexity of O(n).,Graph Theory
Problem 54: Solve a Dynamic Programming challenge in Java,Hard,Rust,"def solution():
    # Implement Graph Theory logic here
    pass",O(n),This solution optimally solves Graph Theory with a time complexity of O(n).,Recursion
Problem 55: Solve a Graph Theory challenge in C++,Easy,JavaScript,"def solution():
    # Implement Dynamic Programming logic here
    pass",O(log n),This solution optimally solves Machine Learning with a time complexity of O(log n).,Recursion
Problem 56: Solve a Machine Learning challenge in Python,Medium,Go,"def solution():
    # Implement Sorting Algorithms logic here
    pass",O(n log n),This solution optimally solves Databases with a time complexity of O(n log n).,Sorting Algorithms
Problem 57: Solve a Dynamic Programming challenge in Python,Hard,Rust,"def solution():
    # Implement Dynamic Programming logic here
    pass",O(1),This solution optimally solves Data Structures with a time complexity of O(1).,Recursion
Problem 59: Solve a Sorting Algorithms challenge in Rust,Hard,Go,"def solution():
    # Implement Data Structures logic here
    pass",O(log n),This solution optimally solves Recursion with a time complexity of O(log n).,Data Structures
Problem 60: Solve a Dynamic Programming challenge in Swift,Hard,Python,"def solution():
    # Implement Dynamic Programming logic here
    pass",O(log n),This solution optimally solves Machine Learning with a time complexity of O(log n).,Graph Theory
Problem 66: Solve a Recursion challenge in C++,Hard,Rust,"def solution():
    # Implement Recursion logic here
    pass",O(log n),This solution optimally solves Recursion with a time complexity of O(log n).,Data Structures
Problem 67: Solve a Data Structures challenge in JavaScript,Medium,C++,"def solution():
    # Implement Graph Theory logic here
    pass",O(n log n),This solution optimally solves Sorting Algorithms with a time complexity of O(n log n).,Recursion
Problem 68: Solve a OOP Concepts challenge in C++,Medium,Kotlin,"def solution():
    # Implement Recursion logic here
    pass",O(n),This solution optimally solves Data Structures with a time complexity of O(n).,Dynamic Programming
Problem 70: Solve a OOP Concepts challenge in Python,Easy,Python,"def solution():
    # Implement Data Structures logic here
    pass",O(n^2),This solution optimally solves Data Structures with a time complexity of O(n^2).,Sorting Algorithms
Problem 76: Solve a OOP Concepts challenge in Kotlin,Hard,Kotlin,"def solution():
    # Implement Dynamic Programming logic here
    pass",O(n),This solution optimally solves OOP Concepts with a time complexity of O(n).,Graph Theory
Problem 78: Solve a Machine Learning challenge in Rust,Easy,Go,"def solution():
    # Implement Sorting Algorithms logic here
    pass",O(n),This solution optimally solves OOP Concepts with a time complexity of O(n).,Sorting Algorithms
Problem 79: Solve a Sorting Algorithms challenge in Java,Hard,C++,"def solution():
    # Implement Machine Learning logic here
    pass",O(n^2),This solution optimally solves Machine Learning with a time complexity of O(n^2).,Sorting Algorithms
Problem 80: Solve a Sorting Algorithms challenge in Rust,Hard,Java,"def solution():
    # Implement Data Structures logic here
    pass",O(n log n),This solution optimally solves Dynamic Programming with a time complexity of O(n log n).,Graph Theory
Problem 81: Solve a Recursion challenge in JavaScript,Hard,Java,"def solution():
    # Implement OOP Concepts logic here
    pass",O(n^2),This solution optimally solves Databases with a time complexity of O(n^2).,Recursion
Problem 82: Solve a Graph Theory challenge in Python,Medium,Rust,"def solution():
    # Implement OOP Concepts logic here
    pass",O(n),This solution optimally solves Dynamic Programming with a time complexity of O(n).,Graph Theory
Problem 83: Solve a Recursion challenge in Kotlin,Hard,Python,"def solution():
    # Implement Graph Theory logic here
    pass",O(1),This solution optimally solves Sorting Algorithms with a time complexity of O(1).,Data Structures
Problem 84: Solve a Recursion challenge in Rust,Easy,Swift,"def solution():
    # Implement Databases logic here
    pass",O(log n),This solution optimally solves Machine Learning with a time complexity of O(log n).,Recursion
Problem 87: Solve a OOP Concepts challenge in Java,Hard,Rust,"def solution():
    # Implement Recursion logic here
    pass",O(n),This solution optimally solves Sorting Algorithms with a time complexity of O(n).,Sorting Algorithms
Problem 88: Solve a Data Structures challenge in Swift,Hard,JavaScript,"def solution():
    # Implement Dynamic Programming logic here
    pass",O(n),This solution optimally solves OOP Concepts with a time complexity of O(n).,Recursion
Problem 89: Solve a Recursion challenge in Rust,Easy,Java,"def solution():
    # Implement Machine Learning logic here
    pass",O(1),This solution optimally solves Graph Theory with a time complexity of O(1).,Data Structures
Problem 90: Solve a Databases challenge in Java,Easy,Python,"def solution():
    # Implement Recursion logic here
    pass",O(n^2),This solution optimally solves Dynamic Programming with a time complexity of O(n^2).,Sorting Algorithms
Problem 91: Solve a Recursion challenge in Go,Easy,Rust,"def solution():
    # Implement Graph Theory logic here
    pass",O(1),This solution optimally solves Dynamic Programming with a time complexity of O(1).,Dynamic Programming
Problem 92: Solve a Machine Learning challenge in Python,Hard,Rust,"def solution():
    # Implement Dynamic Programming logic here
    pass",O(n^2),This solution optimally solves Graph Theory with a time complexity of O(n^2).,Dynamic Programming
Problem 93: Solve a Databases challenge in JavaScript,Easy,Swift,"def solution():
    # Implement Machine Learning logic here
    pass",O(log n),This solution optimally solves Data Structures with a time complexity of O(log n).,Graph Theory
Problem 95: Solve a Dynamic Programming challenge in Python,Medium,Swift,"def solution():
    # Implement OOP Concepts logic here
    pass",O(n),This solution optimally solves Sorting Algorithms with a time complexity of O(n).,Data Structures
Problem 96: Solve a Sorting Algorithms challenge in Java,Easy,C++,"def solution():
    # Implement Graph Theory logic here
    pass",O(n),This solution optimally solves Dynamic Programming with a time complexity of O(n).,Recursion
Problem 97: Solve a OOP Concepts challenge in Swift,Easy,Swift,"def solution():
    # Implement Sorting Algorithms logic here
    pass",O(1),This solution optimally solves Graph Theory with a time complexity of O(1).,Graph Theory
Problem 98: Solve a Graph Theory challenge in C++,Easy,Go,"def solution():
    # Implement OOP Concepts logic here
    pass",O(n^2),This solution optimally solves OOP Concepts with a time complexity of O(n^2).,Data Structures
Problem 99: Solve a Machine Learning challenge in Kotlin,Hard,JavaScript,"def solution():
    # Implement Sorting Algorithms logic here
    pass",O(1),This solution optimally solves Data Structures with a time complexity of O(1).,Recursion
Problem 100: Solve a Recursion challenge in C++,Easy,Java,"def solution():
    # Implement Databases logic here
    pass",O(n log n),This solution optimally solves Machine Learning with a time complexity of O(n log n).,Data Structures
Problem 102: Solve a Recursion challenge in Swift,Easy,Python,"def solution():
    # Implement Machine Learning logic here
    pass",O(1),This solution optimally solves Data Structures with a time complexity of O(1).,Graph Theory
Problem 106: Solve a Databases challenge in Python,Medium,Python,"def solution():
    # Implement Databases logic here
    pass",O(n^2),This solution optimally solves Sorting Algorithms with a time complexity of O(n^2).,Sorting Algorithms
Problem 107: Solve a Machine Learning challenge in Rust,Medium,Rust,"def solution():
    # Implement Dynamic Programming logic here
    pass",O(n log n),This solution optimally solves Machine Learning with a time complexity of O(n log n).,Dynamic Programming
Problem 108: Solve a Graph Theory challenge in Go,Easy,Go,"def solution():
    # Implement Graph Theory logic here
    pass",O(1),This solution optimally solves Data Structures with a time complexity of O(1).,Dynamic Programming
Problem 109: Solve a OOP Concepts challenge in C++,Easy,C++,"def solution():
    # Implement Graph Theory logic here
    pass",O(n^2),This solution optimally solves Data Structures with a time complexity of O(n^2).,Recursion
Problem 110: Solve a OOP Concepts challenge in Swift,Hard,Rust,"def solution():
    # Implement Sorting Algorithms logic here
    pass",O(1),This solution optimally solves Graph Theory with a time complexity of O(1).,Recursion
Problem 112: Solve a Sorting Algorithms challenge in Kotlin,Hard,C++,"def solution():
    # Implement Graph Theory logic here
    pass",O(log n),This solution optimally solves Dynamic Programming with a time complexity of O(log n).,Dynamic Programming
Problem 114: Solve a Dynamic Programming challenge in JavaScript,Medium,Python,"def solution():
    # Implement Machine Learning logic here
    pass",O(n log n),This solution optimally solves Databases with a time complexity of O(n log n).,Sorting Algorithms
Problem 116: Solve a Sorting Algorithms challenge in Go,Easy,Python,"def solution():
    # Implement Sorting Algorithms logic here
    pass",O(n log n),This solution optimally solves Machine Learning with a time complexity of O(n log n).,Graph Theory
Problem 118: Solve a Databases challenge in JavaScript,Easy,Go,"def solution():
    # Implement Databases logic here
    pass",O(n^2),This solution optimally solves Dynamic Programming with a time complexity of O(n^2).,Data Structures
Problem 120: Solve a Dynamic Programming challenge in Python,Medium,Rust,"def solution():
    # Implement Data Structures logic here
    pass",O(log n),This solution optimally solves Graph Theory with a time complexity of O(log n).,Dynamic Programming
Problem 121: Solve a Sorting Algorithms challenge in JavaScript,Hard,JavaScript,"def solution():
    # Implement Sorting Algorithms logic here
    pass",O(n),This solution optimally solves Databases with a time complexity of O(n).,Graph Theory
Problem 122: Solve a Dynamic Programming challenge in JavaScript,Hard,JavaScript,"def solution():
    # Implement Databases logic here
    pass",O(n),This solution optimally solves Machine Learning with a time complexity of O(n).,Data Structures
Problem 125: Solve a Data Structures challenge in Kotlin,Medium,Python,"def solution():
    # Implement OOP Concepts logic here
    pass",O(log n),This solution optimally solves Dynamic Programming with a time complexity of O(log n).,Graph Theory
Problem 126: Solve a Sorting Algorithms challenge in JavaScript,Medium,Python,"def solution():
    # Implement Graph Theory logic here
    pass",O(log n),This solution optimally solves Sorting Algorithms with a time complexity of O(log n).,Dynamic Programming
Problem 127: Solve a OOP Concepts challenge in Python,Easy,C++,"def solution():
    # Implement Data Structures logic here
    pass",O(n),This solution optimally solves Databases with a time complexity of O(n).,Dynamic Programming
Problem 129: Solve a OOP Concepts challenge in Swift,Medium,Python,"def solution():
    # Implement Graph Theory logic here
    pass",O(n),This solution optimally solves Machine Learning with a time complexity of O(n).,Sorting Algorithms
Problem 131: Solve a Databases challenge in Kotlin,Easy,C++,"def solution():
    # Implement Machine Learning logic here
    pass",O(log n),This solution optimally solves Graph Theory with a time complexity of O(log n).,Sorting Algorithms
Problem 132: Solve a Dynamic Programming challenge in Go,Medium,Kotlin,"def solution():
    # Implement Machine Learning logic here
    pass",O(log n),This solution optimally solves Sorting Algorithms with a time complexity of O(log n).,Dynamic Programming
Problem 133: Solve a Data Structures challenge in Kotlin,Easy,Go,"def solution():
    # Implement Data Structures logic here
    pass",O(1),This solution optimally solves OOP Concepts with a time complexity of O(1).,Data Structures
Problem 134: Solve a Databases challenge in Rust,Hard,Swift,"def solution():
    # Implement OOP Concepts logic here
    pass",O(1),This solution optimally solves Databases with a time complexity of O(1).,Sorting Algorithms
Problem 135: Solve a Dynamic Programming challenge in Python,Medium,JavaScript,"def solution():
    # Implement Databases logic here
    pass",O(n^2),This solution optimally solves Recursion with a time complexity of O(n^2).,Sorting Algorithms
Problem 137: Solve a Graph Theory challenge in JavaScript,Medium,Python,"def solution():
    # Implement OOP Concepts logic here
    pass",O(1),This solution optimally solves OOP Concepts with a time complexity of O(1).,Data Structures
Problem 138: Solve a OOP Concepts challenge in Go,Hard,JavaScript,"def solution():
    # Implement Sorting Algorithms logic here
    pass",O(1),This solution optimally solves Dynamic Programming with a time complexity of O(1).,Data Structures
Problem 140: Solve a Dynamic Programming challenge in Java,Hard,Java,"def solution():
    # Implement Databases logic here
    pass",O(log n),This solution optimally solves Machine Learning with a time complexity of O(log n).,Recursion
Problem 142: Solve a Data Structures challenge in Python,Medium,Kotlin,"def solution():
    # Implement Machine Learning logic here
    pass",O(log n),This solution optimally solves Graph Theory with a time complexity of O(log n).,Graph Theory
Problem 144: Solve a Recursion challenge in Rust,Medium,JavaScript,"def solution():
    # Implement Data Structures logic here
    pass",O(n log n),This solution optimally solves OOP Concepts with a time complexity of O(n log n).,Dynamic Programming
Problem 145: Solve a Data Structures challenge in Rust,Medium,C++,"def solution():
    # Implement Databases logic here
    pass",O(n log n),This solution optimally solves OOP Concepts with a time complexity of O(n log n).,Recursion
Problem 146: Solve a Graph Theory challenge in Java,Hard,Rust,"def solution():
    # Implement Recursion logic here
    pass",O(n),This solution optimally solves OOP Concepts with a time complexity of O(n).,Data Structures
Problem 147: Solve a Databases challenge in JavaScript,Medium,Java,"def solution():
    # Implement Data Structures logic here
    pass",O(n^2),This solution optimally solves Recursion with a time complexity of O(n^2).,Recursion
Problem 148: Solve a Databases challenge in Java,Medium,C++,"def solution():
    # Implement Graph Theory logic here
    pass",O(n^2),This solution optimally solves Graph Theory with a time complexity of O(n^2).,Recursion
Problem 149: Solve a Recursion challenge in Swift,Easy,Kotlin,"def solution():
    # Implement Dynamic Programming logic here
    pass",O(n log n),This solution optimally solves OOP Concepts with a time complexity of O(n log n).,Sorting Algorithms
Problem 152: Solve a Sorting Algorithms challenge in Rust,Hard,Python,"def solution():
    # Implement OOP Concepts logic here
    pass",O(1),This solution optimally solves OOP Concepts with a time complexity of O(1).,Dynamic Programming
Problem 153: Solve a Databases challenge in Python,Hard,Rust,"def solution():
    # Implement Sorting Algorithms logic here
    pass",O(n),This solution optimally solves Data Structures with a time complexity of O(n).,Data Structures
Problem 154: Solve a Recursion challenge in Python,Medium,C++,"def solution():
    # Implement Machine Learning logic here
    pass",O(1),This solution optimally solves Databases with a time complexity of O(1).,Dynamic Programming
Problem 155: Solve a Data Structures challenge in C++,Medium,Java,"def solution():
    # Implement Sorting Algorithms logic here
    pass",O(log n),This solution optimally solves Data Structures with a time complexity of O(log n).,Data Structures
Problem 158: Solve a Dynamic Programming challenge in Go,Hard,Go,"def solution():
    # Implement Data Structures logic here
    pass",O(n^2),This solution optimally solves Machine Learning with a time complexity of O(n^2).,Data Structures
Problem 161: Solve a Recursion challenge in Java,Hard,Kotlin,"def solution():
    # Implement Data Structures logic here
    pass",O(1),This solution optimally solves Data Structures with a time complexity of O(1).,Recursion
Problem 162: Solve a Data Structures challenge in Java,Hard,Swift,"def solution():
    # Implement OOP Concepts logic here
    pass",O(n),This solution optimally solves Databases with a time complexity of O(n).,Sorting Algorithms
Problem 163: Solve a Graph Theory challenge in JavaScript,Medium,Kotlin,"def solution():
    # Implement Databases logic here
    pass",O(1),This solution optimally solves Databases with a time complexity of O(1).,Sorting Algorithms
Problem 164: Solve a OOP Concepts challenge in Python,Easy,Java,"def solution():
    # Implement Dynamic Programming logic here
    pass",O(n),This solution optimally solves Machine Learning with a time complexity of O(n).,Graph Theory
Problem 165: Solve a OOP Concepts challenge in C++,Hard,Go,"def solution():
    # Implement Graph Theory logic here
    pass",O(log n),This solution optimally solves Data Structures with a time complexity of O(log n).,Sorting Algorithms
Problem 166: Solve a Dynamic Programming challenge in Rust,Medium,Kotlin,"def solution():
    # Implement Dynamic Programming logic here
    pass",O(log n),This solution optimally solves Data Structures with a time complexity of O(log n).,Dynamic Programming
Problem 167: Solve a Databases challenge in Java,Medium,Go,"def solution():
    # Implement Data Structures logic here
    pass",O(1),This solution optimally solves Machine Learning with a time complexity of O(1).,Data Structures
Problem 169: Solve a Dynamic Programming challenge in Go,Easy,Swift,"def solution():
    # Implement Data Structures logic here
    pass",O(n^2),This solution optimally solves Databases with a time complexity of O(n^2).,Dynamic Programming
Problem 170: Solve a OOP Concepts challenge in Rust,Hard,JavaScript,"def solution():
    # Implement Sorting Algorithms logic here
    pass",O(n log n),This solution optimally solves Data Structures with a time complexity of O(n log n).,Dynamic Programming
Problem 173: Solve a OOP Concepts challenge in Kotlin,Hard,Java,"def solution():
    # Implement Dynamic Programming logic here
    pass",O(n^2),This solution optimally solves OOP Concepts with a time complexity of O(n^2).,Data Structures
Problem 174: Solve a Databases challenge in Java,Easy,Go,"def solution():
    # Implement Sorting Algorithms logic here
    pass",O(1),This solution optimally solves Recursion with a time complexity of O(1).,Graph Theory
Problem 175: Solve a Recursion challenge in Swift,Easy,JavaScript,"def solution():
    # Implement Machine Learning logic here
    pass",O(1),This solution optimally solves Graph Theory with a time complexity of O(1).,Graph Theory
Problem 176: Solve a Data Structures challenge in Java,Medium,JavaScript,"def solution():
    # Implement Databases logic here
    pass",O(n log n),This solution optimally solves Sorting Algorithms with a time complexity of O(n log n).,Recursion
Problem 177: Solve a OOP Concepts challenge in Rust,Medium,Java,"def solution():
    # Implement Recursion logic here
    pass",O(log n),This solution optimally solves Databases with a time complexity of O(log n).,Data Structures
Problem 178: Solve a Machine Learning challenge in Kotlin,Hard,Kotlin,"def solution():
    # Implement Graph Theory logic here
    pass",O(log n),This solution optimally solves Data Structures with a time complexity of O(log n).,Recursion
Problem 180: Solve a OOP Concepts challenge in Rust,Hard,C++,"def solution():
    # Implement Databases logic here
    pass",O(n^2),This solution optimally solves OOP Concepts with a time complexity of O(n^2).,Recursion
Problem 181: Solve a Sorting Algorithms challenge in Java,Hard,Swift,"def solution():
    # Implement Databases logic here
    pass",O(n^2),This solution optimally solves Graph Theory with a time complexity of O(n^2).,Dynamic Programming
Problem 182: Solve a Sorting Algorithms challenge in Python,Hard,Kotlin,"def solution():
    # Implement Graph Theory logic here
    pass",O(log n),This solution optimally solves Data Structures with a time complexity of O(log n).,Graph Theory
Problem 183: Solve a Data Structures challenge in Kotlin,Easy,Go,"def solution():
    # Implement Databases logic here
    pass",O(n),This solution optimally solves Data Structures with a time complexity of O(n).,Recursion
Problem 184: Solve a Databases challenge in JavaScript,Hard,Java,"def solution():
    # Implement Sorting Algorithms logic here
    pass",O(1),This solution optimally solves Graph Theory with a time complexity of O(1).,Dynamic Programming
Problem 186: Solve a Databases challenge in Java,Hard,Rust,"def solution():
    # Implement Data Structures logic here
    pass",O(n),This solution optimally solves Databases with a time complexity of O(n).,Data Structures
Problem 187: Solve a Sorting Algorithms challenge in Kotlin,Medium,Go,"def solution():
    # Implement Recursion logic here
    pass",O(log n),This solution optimally solves Databases with a time complexity of O(log n).,Recursion
Problem 188: Solve a Data Structures challenge in Rust,Medium,Swift,"def solution():
    # Implement OOP Concepts logic here
    pass",O(n log n),This solution optimally solves OOP Concepts with a time complexity of O(n log n).,Data Structures
Problem 189: Solve a Databases challenge in Rust,Hard,Go,"def solution():
    # Implement Dynamic Programming logic here
    pass",O(log n),This solution optimally solves Databases with a time complexity of O(log n).,Graph Theory
Problem 191: Solve a Databases challenge in C++,Hard,Python,"def solution():
    # Implement Graph Theory logic here
    pass",O(n log n),This solution optimally solves Sorting Algorithms with a time complexity of O(n log n).,Sorting Algorithms
Problem 193: Solve a Data Structures challenge in Go,Easy,C++,"def solution():
    # Implement Sorting Algorithms logic here
    pass",O(1),This solution optimally solves Recursion with a time complexity of O(1).,Recursion
Problem 194: Solve a Graph Theory challenge in Swift,Hard,Kotlin,"def solution():
    # Implement Machine Learning logic here
    pass",O(n log n),This solution optimally solves Recursion with a time complexity of O(n log n).,Graph Theory
Problem 195: Solve a Dynamic Programming challenge in Python,Easy,Go,"def solution():
    # Implement OOP Concepts logic here
    pass",O(n^2),This solution optimally solves Recursion with a time complexity of O(n^2).,Sorting Algorithms
Problem 196: Solve a Data Structures challenge in Kotlin,Hard,Kotlin,"def solution():
    # Implement Graph Theory logic here
    pass",O(n log n),This solution optimally solves Databases with a time complexity of O(n log n).,Dynamic Programming
Problem 197: Solve a OOP Concepts challenge in Go,Hard,C++,"def solution():
    # Implement Sorting Algorithms logic here
    pass",O(n),This solution optimally solves Dynamic Programming with a time complexity of O(n).,Recursion
Problem 200: Solve a Dynamic Programming challenge in Python,Easy,JavaScript,"def solution():
    # Implement Recursion logic here
    pass",O(1),This solution optimally solves Databases with a time complexity of O(1).,Dynamic Programming
Problem 201: Solve a Data Structures challenge in C++,Medium,C++,"def solution():
    # Implement OOP Concepts logic here
    pass",O(n log n),This solution optimally solves Graph Theory with a time complexity of O(n log n).,Sorting Algorithms
Problem 203: Solve a Recursion challenge in C++,Hard,Rust,"def solution():
    # Implement Graph Theory logic here
    pass",O(n log n),This solution optimally solves Data Structures with a time complexity of O(n log n).,Graph Theory
Problem 204: Solve a Graph Theory challenge in C++,Hard,Kotlin,"def solution():
    # Implement Dynamic Programming logic here
    pass",O(log n),This solution optimally solves OOP Concepts with a time complexity of O(log n).,Data Structures
Problem 205: Solve a Databases challenge in C++,Hard,Python,"def solution():
    # Implement Dynamic Programming logic here
    pass",O(log n),This solution optimally solves Sorting Algorithms with a time complexity of O(log n).,Graph Theory
Problem 206: Solve a Sorting Algorithms challenge in Rust,Medium,Go,"def solution():
    # Implement Machine Learning logic here
    pass",O(log n),This solution optimally solves Graph Theory with a time complexity of O(log n).,Graph Theory
Problem 210: Solve a Data Structures challenge in Rust,Hard,Rust,"def solution():
    # Implement Dynamic Programming logic here
    pass",O(n),This solution optimally solves Graph Theory with a time complexity of O(n).,Graph Theory
Problem 211: Solve a Data Structures challenge in Kotlin,Medium,Rust,"def solution():
    # Implement Recursion logic here
    pass",O(log n),This solution optimally solves Databases with a time complexity of O(log n).,Sorting Algorithms
Problem 212: Solve a Dynamic Programming challenge in Go,Medium,C++,"def solution():
    # Implement Sorting Algorithms logic here
    pass",O(1),This solution optimally solves Databases with a time complexity of O(1).,Data Structures
Problem 214: Solve a Databases challenge in Go,Medium,Swift,"def solution():
    # Implement Dynamic Programming logic here
    pass",O(log n),This solution optimally solves Databases with a time complexity of O(log n).,Sorting Algorithms
Problem 215: Solve a Sorting Algorithms challenge in Java,Medium,Kotlin,"def solution():
    # Implement Sorting Algorithms logic here
    pass",O(n^2),This solution optimally solves Recursion with a time complexity of O(n^2).,Dynamic Programming
Problem 217: Solve a Dynamic Programming challenge in C++,Medium,Swift,"def solution():
    # Implement Recursion logic here
    pass",O(n log n),This solution optimally solves Sorting Algorithms with a time complexity of O(n log n).,Graph Theory
Problem 219: Solve a Machine Learning challenge in Rust,Hard,Kotlin,"def solution():
    # Implement Recursion logic here
    pass",O(1),This solution optimally solves Sorting Algorithms with a time complexity of O(1).,Dynamic Programming
Problem 221: Solve a OOP Concepts challenge in C++,Medium,C++,"def solution():
    # Implement Databases logic here
    pass",O(n),This solution optimally solves Machine Learning with a time complexity of O(n).,Sorting Algorithms
Problem 222: Solve a Recursion challenge in Go,Easy,JavaScript,"def solution():
    # Implement Data Structures logic here
    pass",O(log n),This solution optimally solves Recursion with a time complexity of O(log n).,Graph Theory
Problem 224: Solve a Sorting Algorithms challenge in JavaScript,Medium,Python,"def solution():
    # Implement Recursion logic here
    pass",O(n log n),This solution optimally solves Databases with a time complexity of O(n log n).,Sorting Algorithms
Problem 228: Solve a Recursion challenge in Java,Hard,Java,"def solution():
    # Implement Databases logic here
    pass",O(n^2),This solution optimally solves Dynamic Programming with a time complexity of O(n^2).,Sorting Algorithms
Problem 229: Solve a Dynamic Programming challenge in Go,Easy,JavaScript,"def solution():
    # Implement Databases logic here
    pass",O(n),This solution optimally solves Machine Learning with a time complexity of O(n).,Dynamic Programming
Problem 233: Solve a Data Structures challenge in Python,Easy,Go,"def solution():
    # Implement Sorting Algorithms logic here
    pass",O(n log n),This solution optimally solves Graph Theory with a time complexity of O(n log n).,Graph Theory
Problem 234: Solve a OOP Concepts challenge in Rust,Easy,Rust,"def solution():
    # Implement Sorting Algorithms logic here
    pass",O(n log n),This solution optimally solves Sorting Algorithms with a time complexity of O(n log n).,Data Structures
Problem 237: Solve a Data Structures challenge in Python,Easy,Python,"def solution():
    # Implement OOP Concepts logic here
    pass",O(n log n),This solution optimally solves Sorting Algorithms with a time complexity of O(n log n).,Dynamic Programming
Problem 238: Solve a Databases challenge in Java,Easy,Rust,"def solution():
    # Implement Machine Learning logic here
    pass",O(n^2),This solution optimally solves Databases with a time complexity of O(n^2).,Dynamic Programming
Problem 239: Solve a Graph Theory challenge in JavaScript,Medium,Swift,"def solution():
    # Implement Recursion logic here
    pass",O(n),This solution optimally solves Data Structures with a time complexity of O(n).,Graph Theory
Problem 240: Solve a Graph Theory challenge in JavaScript,Hard,JavaScript,"def solution():
    # Implement Graph Theory logic here
    pass",O(n),This solution optimally solves Graph Theory with a time complexity of O(n).,Sorting Algorithms
Problem 241: Solve a Dynamic Programming challenge in Go,Medium,JavaScript,"def solution():
    # Implement Dynamic Programming logic here
    pass",O(n^2),This solution optimally solves Graph Theory with a time complexity of O(n^2).,Recursion
Problem 242: Solve a Graph Theory challenge in Rust,Medium,JavaScript,"def solution():
    # Implement Sorting Algorithms logic here
    pass",O(1),This solution optimally solves Data Structures with a time complexity of O(1).,Data Structures
Problem 245: Solve a Dynamic Programming challenge in C++,Medium,Swift,"def solution():
    # Implement OOP Concepts logic here
    pass",O(n^2),This solution optimally solves Databases with a time complexity of O(n^2).,Dynamic Programming
Problem 246: Solve a OOP Concepts challenge in JavaScript,Easy,Kotlin,"def solution():
    # Implement Recursion logic here
    pass",O(n log n),This solution optimally solves Sorting Algorithms with a time complexity of O(n log n).,Data Structures
Problem 248: Solve a Graph Theory challenge in Swift,Medium,Java,"def solution():
    # Implement Data Structures logic here
    pass",O(1),This solution optimally solves Machine Learning with a time complexity of O(1).,Data Structures
Problem 249: Solve a Recursion challenge in Java,Easy,Go,"def solution():
    # Implement Data Structures logic here
    pass",O(n^2),This solution optimally solves OOP Concepts with a time complexity of O(n^2).,Recursion
Problem 250: Solve a Data Structures challenge in Rust,Hard,JavaScript,"def solution():
    # Implement Sorting Algorithms logic here
    pass",O(n^2),This solution optimally solves Dynamic Programming with a time complexity of O(n^2).,Graph Theory
Problem 252: Solve a Databases challenge in Go,Hard,Rust,"def solution():
    # Implement Recursion logic here
    pass",O(1),This solution optimally solves Dynamic Programming with a time complexity of O(1).,Data Structures
Problem 253: Solve a Recursion challenge in Go,Hard,C++,"def solution():
    # Implement Data Structures logic here
    pass",O(n),This solution optimally solves Sorting Algorithms with a time complexity of O(n).,Sorting Algorithms
Problem 256: Solve a Recursion challenge in JavaScript,Easy,Go,"def solution():
    # Implement Dynamic Programming logic here
    pass",O(log n),This solution optimally solves Sorting Algorithms with a time complexity of O(log n).,Data Structures
Problem 258: Solve a Graph Theory challenge in Swift,Medium,Go,"def solution():
    # Implement OOP Concepts logic here
    pass",O(1),This solution optimally solves Dynamic Programming with a time complexity of O(1).,Sorting Algorithms
Problem 259: Solve a Sorting Algorithms challenge in JavaScript,Easy,Kotlin,"def solution():
    # Implement Databases logic here
    pass",O(n log n),This solution optimally solves Dynamic Programming with a time complexity of O(n log n).,Recursion
Problem 260: Solve a Sorting Algorithms challenge in Java,Easy,Swift,"def solution():
    # Implement Sorting Algorithms logic here
    pass",O(n^2),This solution optimally solves OOP Concepts with a time complexity of O(n^2).,Data Structures
Problem 261: Solve a Recursion challenge in Python,Easy,Swift,"def solution():
    # Implement Sorting Algorithms logic here
    pass",O(n log n),This solution optimally solves Sorting Algorithms with a time complexity of O(n log n).,Data Structures
Problem 266: Solve a Sorting Algorithms challenge in JavaScript,Easy,JavaScript,"def solution():
    # Implement Databases logic here
    pass",O(n log n),This solution optimally solves Machine Learning with a time complexity of O(n log n).,Recursion
Problem 268: Solve a Graph Theory challenge in Rust,Hard,Go,"def solution():
    # Implement Recursion logic here
    pass",O(log n),This solution optimally solves Graph Theory with a time complexity of O(log n).,Sorting Algorithms
Problem 269: Solve a Recursion challenge in Go,Medium,Rust,"def solution():
    # Implement Databases logic here
    pass",O(log n),This solution optimally solves Data Structures with a time complexity of O(log n).,Data Structures
Problem 271: Solve a Machine Learning challenge in Go,Medium,C++,"def solution():
    # Implement Sorting Algorithms logic here
    pass",O(1),This solution optimally solves Dynamic Programming with a time complexity of O(1).,Sorting Algorithms
Problem 273: Solve a Data Structures challenge in Swift,Hard,JavaScript,"def solution():
    # Implement Machine Learning logic here
    pass",O(n),This solution optimally solves OOP Concepts with a time complexity of O(n).,Sorting Algorithms
Problem 276: Solve a Dynamic Programming challenge in Python,Hard,Go,"def solution():
    # Implement Dynamic Programming logic here
    pass",O(n log n),This solution optimally solves Sorting Algorithms with a time complexity of O(n log n).,Dynamic Programming
Problem 280: Solve a Data Structures challenge in Java,Hard,Python,"def solution():
    # Implement Machine Learning logic here
    pass",O(n),This solution optimally solves Data Structures with a time complexity of O(n).,Graph Theory
Problem 282: Solve a Dynamic Programming challenge in Kotlin,Easy,Swift,"def solution():
    # Implement OOP Concepts logic here
    pass",O(1),This solution optimally solves Databases with a time complexity of O(1).,Recursion
Problem 283: Solve a OOP Concepts challenge in Rust,Easy,Go,"def solution():
    # Implement Recursion logic here
    pass",O(n),This solution optimally solves Machine Learning with a time complexity of O(n).,Recursion
Problem 284: Solve a Sorting Algorithms challenge in Python,Hard,Swift,"def solution():
    # Implement OOP Concepts logic here
    pass",O(n),This solution optimally solves Sorting Algorithms with a time complexity of O(n).,Dynamic Programming
Problem 287: Solve a Sorting Algorithms challenge in JavaScript,Hard,Java,"def solution():
    # Implement Dynamic Programming logic here
    pass",O(log n),This solution optimally solves Dynamic Programming with a time complexity of O(log n).,Dynamic Programming
Problem 288: Solve a Databases challenge in Kotlin,Easy,JavaScript,"def solution():
    # Implement Data Structures logic here
    pass",O(1),This solution optimally solves Machine Learning with a time complexity of O(1).,Data Structures
Problem 289: Solve a Data Structures challenge in Python,Hard,Python,"def solution():
    # Implement OOP Concepts logic here
    pass",O(n^2),This solution optimally solves Machine Learning with a time complexity of O(n^2).,Dynamic Programming
Problem 290: Solve a Machine Learning challenge in Python,Medium,Swift,"def solution():
    # Implement Machine Learning logic here
    pass",O(n),This solution optimally solves Machine Learning with a time complexity of O(n).,Dynamic Programming
Problem 291: Solve a Dynamic Programming challenge in C++,Easy,C++,"def solution():
    # Implement Graph Theory logic here
    pass",O(n),This solution optimally solves Data Structures with a time complexity of O(n).,Dynamic Programming
Problem 293: Solve a Sorting Algorithms challenge in Java,Hard,Java,"def solution():
    # Implement Machine Learning logic here
    pass",O(log n),This solution optimally solves Graph Theory with a time complexity of O(log n).,Recursion
Problem 295: Solve a Databases challenge in Kotlin,Easy,Kotlin,"def solution():
    # Implement Databases logic here
    pass",O(n log n),This solution optimally solves Sorting Algorithms with a time complexity of O(n log n).,Dynamic Programming
Problem 296: Solve a Machine Learning challenge in Rust,Medium,Java,"def solution():
    # Implement OOP Concepts logic here
    pass",O(n),This solution optimally solves Data Structures with a time complexity of O(n).,Recursion
Problem 297: Solve a Data Structures challenge in Python,Easy,Rust,"def solution():
    # Implement Databases logic here
    pass",O(n),This solution optimally solves Dynamic Programming with a time complexity of O(n).,Dynamic Programming
Problem 298: Solve a Databases challenge in C++,Hard,Rust,"def solution():
    # Implement Sorting Algorithms logic here
    pass",O(1),This solution optimally solves Recursion with a time complexity of O(1).,Recursion
Problem 299: Solve a OOP Concepts challenge in Rust,Hard,Kotlin,"def solution():
    # Implement Sorting Algorithms logic here
    pass",O(1),This solution optimally solves Databases with a time complexity of O(1).,Recursion
Problem 301: Solve a Sorting Algorithms challenge in C++,Medium,C++,"def solution():
    # Implement Graph Theory logic here
    pass",O(log n),This solution optimally solves OOP Concepts with a time complexity of O(log n).,Data Structures
Problem 303: Solve a Graph Theory challenge in Rust,Medium,Kotlin,"def solution():
    # Implement Data Structures logic here
    pass",O(1),This solution optimally solves Graph Theory with a time complexity of O(1).,Recursion
Problem 305: Solve a Data Structures challenge in Rust,Easy,Java,"def solution():
    # Implement Dynamic Programming logic here
    pass",O(log n),This solution optimally solves Recursion with a time complexity of O(log n).,Sorting Algorithms
Problem 307: Solve a Graph Theory challenge in JavaScript,Easy,Java,"def solution():
    # Implement Sorting Algorithms logic here
    pass",O(1),This solution optimally solves Sorting Algorithms with a time complexity of O(1).,Graph Theory
Problem 309: Solve a Data Structures challenge in Go,Medium,C++,"def solution():
    # Implement Databases logic here
    pass",O(n^2),This solution optimally solves Dynamic Programming with a time complexity of O(n^2).,Recursion
Problem 310: Solve a Data Structures challenge in JavaScript,Hard,Rust,"def solution():
    # Implement Machine Learning logic here
    pass",O(log n),This solution optimally solves Dynamic Programming with a time complexity of O(log n).,Dynamic Programming
Problem 311: Solve a Sorting Algorithms challenge in Java,Hard,Kotlin,"def solution():
    # Implement Recursion logic here
    pass",O(1),This solution optimally solves OOP Concepts with a time complexity of O(1).,Dynamic Programming
Problem 312: Solve a Graph Theory challenge in Swift,Medium,Python,"def solution():
    # Implement Databases logic here
    pass",O(n),This solution optimally solves Machine Learning with a time complexity of O(n).,Dynamic Programming
Problem 315: Solve a Recursion challenge in JavaScript,Medium,C++,"def solution():
    # Implement Databases logic here
    pass",O(n^2),This solution optimally solves OOP Concepts with a time complexity of O(n^2).,Dynamic Programming
Problem 316: Solve a Recursion challenge in C++,Medium,Kotlin,"def solution():
    # Implement Dynamic Programming logic here
    pass",O(n^2),This solution optimally solves Graph Theory with a time complexity of O(n^2).,Sorting Algorithms
Problem 318: Solve a Dynamic Programming challenge in Go,Medium,Kotlin,"def solution():
    # Implement Graph Theory logic here
    pass",O(n),This solution optimally solves OOP Concepts with a time complexity of O(n).,Data Structures
Problem 319: Solve a Databases challenge in Java,Easy,C++,"def solution():
    # Implement Databases logic here
    pass",O(log n),This solution optimally solves Data Structures with a time complexity of O(log n).,Recursion
Problem 320: Solve a Graph Theory challenge in Rust,Hard,Rust,"def solution():
    # Implement Sorting Algorithms logic here
    pass",O(n log n),This solution optimally solves Sorting Algorithms with a time complexity of O(n log n).,Sorting Algorithms
Problem 322: Solve a Databases challenge in JavaScript,Hard,Kotlin,"def solution():
    # Implement Machine Learning logic here
    pass",O(n log n),This solution optimally solves Sorting Algorithms with a time complexity of O(n log n).,Sorting Algorithms
Problem 324: Solve a Recursion challenge in Swift,Hard,Rust,"def solution():
    # Implement Databases logic here
    pass",O(log n),This solution optimally solves OOP Concepts with a time complexity of O(log n).,Graph Theory
Problem 325: Solve a Databases challenge in Rust,Easy,JavaScript,"def solution():
    # Implement Databases logic here
    pass",O(n log n),This solution optimally solves Databases with a time complexity of O(n log n).,Dynamic Programming
Problem 328: Solve a Sorting Algorithms challenge in Java,Hard,Python,"def solution():
    # Implement Dynamic Programming logic here
    pass",O(n log n),This solution optimally solves Graph Theory with a time complexity of O(n log n).,Sorting Algorithms
Problem 331: Solve a Databases challenge in JavaScript,Medium,Rust,"def solution():
    # Implement Recursion logic here
    pass",O(n),This solution optimally solves Recursion with a time complexity of O(n).,Graph Theory
Problem 334: Solve a Data Structures challenge in Java,Easy,Java,"def solution():
    # Implement Machine Learning logic here
    pass",O(n^2),This solution optimally solves Graph Theory with a time complexity of O(n^2).,Sorting Algorithms
Problem 335: Solve a OOP Concepts challenge in Python,Easy,Swift,"def solution():
    # Implement OOP Concepts logic here
    pass",O(log n),This solution optimally solves Dynamic Programming with a time complexity of O(log n).,Graph Theory
Problem 337: Solve a Machine Learning challenge in Java,Hard,C++,"def solution():
    # Implement OOP Concepts logic here
    pass",O(n),This solution optimally solves OOP Concepts with a time complexity of O(n).,Graph Theory
Problem 340: Solve a Data Structures challenge in Java,Medium,C++,"def solution():
    # Implement Databases logic here
    pass",O(log n),This solution optimally solves OOP Concepts with a time complexity of O(log n).,Dynamic Programming
Problem 341: Solve a OOP Concepts challenge in C++,Medium,Python,"def solution():
    # Implement Recursion logic here
    pass",O(log n),This solution optimally solves Graph Theory with a time complexity of O(log n).,Recursion
Problem 345: Solve a Graph Theory challenge in Python,Hard,Go,"def solution():
    # Implement Recursion logic here
    pass",O(n),This solution optimally solves Recursion with a time complexity of O(n).,Dynamic Programming
Problem 346: Solve a Recursion challenge in Swift,Medium,Python,"def solution():
    # Implement OOP Concepts logic here
    pass",O(log n),This solution optimally solves Recursion with a time complexity of O(log n).,Data Structures
Problem 347: Solve a OOP Concepts challenge in C++,Hard,Kotlin,"def solution():
    # Implement Sorting Algorithms logic here
    pass",O(n^2),This solution optimally solves Data Structures with a time complexity of O(n^2).,Graph Theory
Problem 349: Solve a Recursion challenge in Kotlin,Medium,Swift,"def solution():
    # Implement Sorting Algorithms logic here
    pass",O(log n),This solution optimally solves OOP Concepts with a time complexity of O(log n).,Sorting Algorithms
Problem 350: Solve a OOP Concepts challenge in Go,Hard,JavaScript,"def solution():
    # Implement OOP Concepts logic here
    pass",O(1),This solution optimally solves Data Structures with a time complexity of O(1).,Data Structures
Problem 351: Solve a Databases challenge in Kotlin,Medium,Go,"def solution():
    # Implement Databases logic here
    pass",O(log n),This solution optimally solves Machine Learning with a time complexity of O(log n).,Graph Theory
Problem 355: Solve a Machine Learning challenge in Python,Hard,JavaScript,"def solution():
    # Implement Sorting Algorithms logic here
    pass",O(1),This solution optimally solves Graph Theory with a time complexity of O(1).,Graph Theory
Problem 356: Solve a Recursion challenge in Rust,Easy,Go,"def solution():
    # Implement Machine Learning logic here
    pass",O(n),This solution optimally solves Sorting Algorithms with a time complexity of O(n).,Sorting Algorithms
Problem 357: Solve a OOP Concepts challenge in Python,Medium,Java,"def solution():
    # Implement Data Structures logic here
    pass",O(n^2),This solution optimally solves Sorting Algorithms with a time complexity of O(n^2).,Data Structures
Problem 358: Solve a OOP Concepts challenge in Python,Easy,Python,"def solution():
    # Implement Machine Learning logic here
    pass",O(n),This solution optimally solves OOP Concepts with a time complexity of O(n).,Graph Theory
Problem 360: Solve a Machine Learning challenge in Go,Hard,Swift,"def solution():
    # Implement Dynamic Programming logic here
    pass",O(n),This solution optimally solves Data Structures with a time complexity of O(n).,Recursion
Problem 362: Solve a Dynamic Programming challenge in Python,Hard,Python,"def solution():
    # Implement Data Structures logic here
    pass",O(n log n),This solution optimally solves Sorting Algorithms with a time complexity of O(n log n).,Data Structures
Problem 365: Solve a Dynamic Programming challenge in Kotlin,Medium,Kotlin,"def solution():
    # Implement Dynamic Programming logic here
    pass",O(n),This solution optimally solves Data Structures with a time complexity of O(n).,Graph Theory
Problem 366: Solve a Graph Theory challenge in Rust,Medium,Kotlin,"def solution():
    # Implement OOP Concepts logic here
    pass",O(log n),This solution optimally solves Data Structures with a time complexity of O(log n).,Data Structures
Problem 368: Solve a Dynamic Programming challenge in Swift,Hard,C++,"def solution():
    # Implement Machine Learning logic here
    pass",O(n log n),This solution optimally solves Machine Learning with a time complexity of O(n log n).,Data Structures
Problem 370: Solve a Data Structures challenge in Kotlin,Medium,Rust,"def solution():
    # Implement OOP Concepts logic here
    pass",O(1),This solution optimally solves Graph Theory with a time complexity of O(1).,Sorting Algorithms
Problem 372: Solve a Dynamic Programming challenge in Swift,Hard,Swift,"def solution():
    # Implement Machine Learning logic here
    pass",O(log n),This solution optimally solves Graph Theory with a time complexity of O(log n).,Graph Theory
Problem 373: Solve a OOP Concepts challenge in Go,Hard,Python,"def solution():
    # Implement Graph Theory logic here
    pass",O(log n),This solution optimally solves Databases with a time complexity of O(log n).,Data Structures
Problem 374: Solve a Graph Theory challenge in Rust,Hard,Rust,"def solution():
    # Implement Machine Learning logic here
    pass",O(1),This solution optimally solves Data Structures with a time complexity of O(1).,Recursion
Problem 375: Solve a Data Structures challenge in Java,Easy,JavaScript,"def solution():
    # Implement Graph Theory logic here
    pass",O(log n),This solution optimally solves Data Structures with a time complexity of O(log n).,Dynamic Programming
Problem 376: Solve a Dynamic Programming challenge in Rust,Easy,Java,"def solution():
    # Implement Databases logic here
    pass",O(n^2),This solution optimally solves Data Structures with a time complexity of O(n^2).,Sorting Algorithms
Problem 377: Solve a Databases challenge in C++,Easy,Rust,"def solution():
    # Implement Dynamic Programming logic here
    pass",O(n log n),This solution optimally solves Databases with a time complexity of O(n log n).,Dynamic Programming
Problem 378: Solve a Dynamic Programming challenge in Rust,Easy,Swift,"def solution():
    # Implement Dynamic Programming logic here
    pass",O(n^2),This solution optimally solves Machine Learning with a time complexity of O(n^2).,Data Structures
Problem 380: Solve a Data Structures challenge in Python,Medium,Python,"def solution():
    # Implement Databases logic here
    pass",O(n^2),This solution optimally solves OOP Concepts with a time complexity of O(n^2).,Dynamic Programming
Problem 381: Solve a Graph Theory challenge in Java,Easy,Java,"def solution():
    # Implement Machine Learning logic here
    pass",O(n^2),This solution optimally solves Graph Theory with a time complexity of O(n^2).,Graph Theory
Problem 382: Solve a Data Structures challenge in Kotlin,Medium,Rust,"def solution():
    # Implement Graph Theory logic here
    pass",O(n log n),This solution optimally solves Databases with a time complexity of O(n log n).,Graph Theory
Problem 383: Solve a Recursion challenge in JavaScript,Easy,Kotlin,"def solution():
    # Implement Graph Theory logic here
    pass",O(1),This solution optimally solves Sorting Algorithms with a time complexity of O(1).,Dynamic Programming
Problem 385: Solve a Data Structures challenge in Kotlin,Easy,Java,"def solution():
    # Implement Databases logic here
    pass",O(n),This solution optimally solves Sorting Algorithms with a time complexity of O(n).,Sorting Algorithms
Problem 386: Solve a Databases challenge in JavaScript,Hard,Python,"def solution():
    # Implement Dynamic Programming logic here
    pass",O(log n),This solution optimally solves Sorting Algorithms with a time complexity of O(log n).,Graph Theory
Problem 387: Solve a Machine Learning challenge in Swift,Hard,Python,"def solution():
    # Implement Sorting Algorithms logic here
    pass",O(1),This solution optimally solves Databases with a time complexity of O(1).,Data Structures
Problem 391: Solve a Sorting Algorithms challenge in C++,Medium,Swift,"def solution():
    # Implement Dynamic Programming logic here
    pass",O(n^2),This solution optimally solves Graph Theory with a time complexity of O(n^2).,Recursion
Problem 393: Solve a Data Structures challenge in Kotlin,Medium,Kotlin,"def solution():
    # Implement Dynamic Programming logic here
    pass",O(n^2),This solution optimally solves Recursion with a time complexity of O(n^2).,Graph Theory
Problem 394: Solve a Databases challenge in Java,Easy,C++,"def solution():
    # Implement Graph Theory logic here
    pass",O(n),This solution optimally solves Graph Theory with a time complexity of O(n).,Data Structures
Problem 395: Solve a Data Structures challenge in Kotlin,Medium,Go,"def solution():
    # Implement Dynamic Programming logic here
    pass",O(n),This solution optimally solves Recursion with a time complexity of O(n).,Graph Theory
Problem 401: Solve a OOP Concepts challenge in Python,Easy,JavaScript,"def solution():
    # Implement OOP Concepts logic here
    pass",O(n^2),This solution optimally solves Graph Theory with a time complexity of O(n^2).,Data Structures
Problem 405: Solve a Sorting Algorithms challenge in Java,Hard,C++,"def solution():
    # Implement Sorting Algorithms logic here
    pass",O(n),This solution optimally solves Machine Learning with a time complexity of O(n).,Graph Theory
Problem 407: Solve a Graph Theory challenge in Go,Medium,C++,"def solution():
    # Implement Machine Learning logic here
    pass",O(n),This solution optimally solves Databases with a time complexity of O(n).,Dynamic Programming
Problem 408: Solve a Data Structures challenge in JavaScript,Hard,Java,"def solution():
    # Implement OOP Concepts logic here
    pass",O(n log n),This solution optimally solves Dynamic Programming with a time complexity of O(n log n).,Graph Theory
Problem 409: Solve a Graph Theory challenge in Java,Medium,Kotlin,"def solution():
    # Implement Graph Theory logic here
    pass",O(n log n),This solution optimally solves Sorting Algorithms with a time complexity of O(n log n).,Graph Theory
Problem 410: Solve a Graph Theory challenge in Go,Hard,Python,"def solution():
    # Implement Databases logic here
    pass",O(n log n),This solution optimally solves Databases with a time complexity of O(n log n).,Data Structures
Problem 411: Solve a Sorting Algorithms challenge in Swift,Easy,Go,"def solution():
    # Implement Data Structures logic here
    pass",O(log n),This solution optimally solves Machine Learning with a time complexity of O(log n).,Graph Theory
Problem 412: Solve a Machine Learning challenge in Rust,Easy,Kotlin,"def solution():
    # Implement Machine Learning logic here
    pass",O(log n),This solution optimally solves Recursion with a time complexity of O(log n).,Sorting Algorithms
Problem 413: Solve a Dynamic Programming challenge in C++,Easy,C++,"def solution():
    # Implement Sorting Algorithms logic here
    pass",O(log n),This solution optimally solves Sorting Algorithms with a time complexity of O(log n).,Sorting Algorithms
Problem 414: Solve a Databases challenge in Kotlin,Hard,Go,"def solution():
    # Implement Graph Theory logic here
    pass",O(n^2),This solution optimally solves OOP Concepts with a time complexity of O(n^2).,Recursion
Problem 415: Solve a Databases challenge in JavaScript,Hard,Kotlin,"def solution():
    # Implement Sorting Algorithms logic here
    pass",O(log n),This solution optimally solves Graph Theory with a time complexity of O(log n).,Data Structures
Problem 417: Solve a Data Structures challenge in Swift,Hard,JavaScript,"def solution():
    # Implement Graph Theory logic here
    pass",O(n log n),This solution optimally solves OOP Concepts with a time complexity of O(n log n).,Recursion
Problem 418: Solve a OOP Concepts challenge in Swift,Easy,Rust,"def solution():
    # Implement OOP Concepts logic here
    pass",O(n),This solution optimally solves Machine Learning with a time complexity of O(n).,Data Structures
Problem 419: Solve a Graph Theory challenge in Java,Hard,JavaScript,"def solution():
    # Implement Sorting Algorithms logic here
    pass",O(1),This solution optimally solves Machine Learning with a time complexity of O(1).,Sorting Algorithms
Problem 421: Solve a Databases challenge in JavaScript,Easy,Rust,"def solution():
    # Implement Data Structures logic here
    pass",O(n log n),This solution optimally solves Machine Learning with a time complexity of O(n log n).,Graph Theory
Problem 422: Solve a Databases challenge in Kotlin,Medium,Python,"def solution():
    # Implement OOP Concepts logic here
    pass",O(log n),This solution optimally solves OOP Concepts with a time complexity of O(log n).,Sorting Algorithms
Problem 423: Solve a Recursion challenge in Python,Hard,JavaScript,"def solution():
    # Implement Graph Theory logic here
    pass",O(1),This solution optimally solves Recursion with a time complexity of O(1).,Data Structures
Problem 424: Solve a Graph Theory challenge in Java,Hard,Rust,"def solution():
    # Implement Dynamic Programming logic here
    pass",O(log n),This solution optimally solves Sorting Algorithms with a time complexity of O(log n).,Sorting Algorithms
Problem 426: Solve a Sorting Algorithms challenge in Python,Medium,Java,"def solution():
    # Implement Dynamic Programming logic here
    pass",O(n^2),This solution optimally solves Dynamic Programming with a time complexity of O(n^2).,Sorting Algorithms
Problem 428: Solve a OOP Concepts challenge in Rust,Medium,Go,"def solution():
    # Implement Data Structures logic here
    pass",O(1),This solution optimally solves Graph Theory with a time complexity of O(1).,Sorting Algorithms
Problem 429: Solve a Graph Theory challenge in Rust,Medium,Go,"def solution():
    # Implement Databases logic here
    pass",O(n^2),This solution optimally solves OOP Concepts with a time complexity of O(n^2).,Graph Theory
Problem 430: Solve a Sorting Algorithms challenge in Rust,Hard,JavaScript,"def solution():
    # Implement Databases logic here
    pass",O(1),This solution optimally solves OOP Concepts with a time complexity of O(1).,Graph Theory
Problem 433: Solve a Dynamic Programming challenge in Kotlin,Hard,C++,"def solution():
    # Implement Recursion logic here
    pass",O(log n),This solution optimally solves OOP Concepts with a time complexity of O(log n).,Recursion
Problem 435: Solve a Sorting Algorithms challenge in Java,Easy,Rust,"def solution():
    # Implement Dynamic Programming logic here
    pass",O(n),This solution optimally solves Graph Theory with a time complexity of O(n).,Recursion
Problem 436: Solve a Dynamic Programming challenge in JavaScript,Easy,Go,"def solution():
    # Implement Recursion logic here
    pass",O(log n),This solution optimally solves Databases with a time complexity of O(log n).,Data Structures
Problem 437: Solve a Dynamic Programming challenge in Swift,Medium,Python,"def solution():
    # Implement OOP Concepts logic here
    pass",O(n log n),This solution optimally solves Graph Theory with a time complexity of O(n log n).,Data Structures
Problem 438: Solve a Graph Theory challenge in C++,Medium,C++,"def solution():
    # Implement Dynamic Programming logic here
    pass",O(1),This solution optimally solves Recursion with a time complexity of O(1).,Dynamic Programming
Problem 439: Solve a Machine Learning challenge in C++,Hard,Swift,"def solution():
    # Implement Databases logic here
    pass",O(1),This solution optimally solves Data Structures with a time complexity of O(1).,Dynamic Programming
Problem 440: Solve a Graph Theory challenge in Java,Hard,Rust,"def solution():
    # Implement Recursion logic here
    pass",O(n^2),This solution optimally solves Graph Theory with a time complexity of O(n^2).,Sorting Algorithms
Problem 442: Solve a Sorting Algorithms challenge in Go,Easy,Swift,"def solution():
    # Implement Databases logic here
    pass",O(log n),This solution optimally solves OOP Concepts with a time complexity of O(log n).,Dynamic Programming
Problem 443: Solve a Machine Learning challenge in C++,Hard,Python,"def solution():
    # Implement Sorting Algorithms logic here
    pass",O(log n),This solution optimally solves Machine Learning with a time complexity of O(log n).,Graph Theory
Problem 444: Solve a Machine Learning challenge in Kotlin,Easy,Java,"def solution():
    # Implement OOP Concepts logic here
    pass",O(n log n),This solution optimally solves Graph Theory with a time complexity of O(n log n).,Graph Theory
Problem 447: Solve a Graph Theory challenge in Java,Hard,Python,"def solution():
    # Implement Dynamic Programming logic here
    pass",O(n),This solution optimally solves Databases with a time complexity of O(n).,Data Structures
Problem 449: Solve a Recursion challenge in Java,Easy,JavaScript,"def solution():
    # Implement Machine Learning logic here
    pass",O(n log n),This solution optimally solves Databases with a time complexity of O(n log n).,Data Structures
Problem 450: Solve a Machine Learning challenge in Python,Easy,Python,"def solution():
    # Implement Machine Learning logic here
    pass",O(n),This solution optimally solves Dynamic Programming with a time complexity of O(n).,Data Structures
Problem 452: Solve a Recursion challenge in Kotlin,Medium,C++,"def solution():
    # Implement Data Structures logic here
    pass",O(1),This solution optimally solves OOP Concepts with a time complexity of O(1).,Graph Theory
Problem 453: Solve a Machine Learning challenge in Python,Easy,Rust,"def solution():
    # Implement Data Structures logic here
    pass",O(n log n),This solution optimally solves Machine Learning with a time complexity of O(n log n).,Sorting Algorithms
Problem 454: Solve a Data Structures challenge in Python,Hard,Python,"def solution():
    # Implement Data Structures logic here
    pass",O(n),This solution optimally solves OOP Concepts with a time complexity of O(n).,Dynamic Programming
Problem 455: Solve a Machine Learning challenge in Kotlin,Hard,Python,"def solution():
    # Implement Recursion logic here
    pass",O(n log n),This solution optimally solves Sorting Algorithms with a time complexity of O(n log n).,Dynamic Programming
Problem 456: Solve a Data Structures challenge in Java,Medium,Kotlin,"def solution():
    # Implement Dynamic Programming logic here
    pass",O(n),This solution optimally solves Databases with a time complexity of O(n).,Graph Theory
Problem 457: Solve a Graph Theory challenge in Kotlin,Medium,JavaScript,"def solution():
    # Implement Graph Theory logic here
    pass",O(log n),This solution optimally solves Data Structures with a time complexity of O(log n).,Dynamic Programming
Problem 459: Solve a Recursion challenge in C++,Hard,Kotlin,"def solution():
    # Implement Sorting Algorithms logic here
    pass",O(n),This solution optimally solves Machine Learning with a time complexity of O(n).,Graph Theory
Problem 461: Solve a Graph Theory challenge in Java,Easy,C++,"def solution():
    # Implement Data Structures logic here
    pass",O(1),This solution optimally solves Dynamic Programming with a time complexity of O(1).,Graph Theory
Problem 462: Solve a Recursion challenge in JavaScript,Medium,Rust,"def solution():
    # Implement Dynamic Programming logic here
    pass",O(log n),This solution optimally solves Data Structures with a time complexity of O(log n).,Data Structures
Problem 463: Solve a Recursion challenge in Python,Medium,Java,"def solution():
    # Implement Graph Theory logic here
    pass",O(n log n),This solution optimally solves Graph Theory with a time complexity of O(n log n).,Data Structures
Problem 464: Solve a Machine Learning challenge in Go,Medium,Kotlin,"def solution():
    # Implement Dynamic Programming logic here
    pass",O(1),This solution optimally solves Sorting Algorithms with a time complexity of O(1).,Data Structures
Problem 465: Solve a OOP Concepts challenge in Java,Hard,C++,"def solution():
    # Implement OOP Concepts logic here
    pass",O(n),This solution optimally solves Recursion with a time complexity of O(n).,Dynamic Programming
Problem 466: Solve a Machine Learning challenge in JavaScript,Easy,C++,"def solution():
    # Implement Machine Learning logic here
    pass",O(n),This solution optimally solves Machine Learning with a time complexity of O(n).,Graph Theory
Problem 467: Solve a Graph Theory challenge in C++,Medium,Kotlin,"def solution():
    # Implement Machine Learning logic here
    pass",O(n log n),This solution optimally solves Machine Learning with a time complexity of O(n log n).,Data Structures
Problem 469: Solve a Sorting Algorithms challenge in C++,Hard,Kotlin,"def solution():
    # Implement Machine Learning logic here
    pass",O(n^2),This solution optimally solves Machine Learning with a time complexity of O(n^2).,Graph Theory
Problem 471: Solve a Data Structures challenge in Go,Easy,Rust,"def solution():
    # Implement Sorting Algorithms logic here
    pass",O(1),This solution optimally solves Graph Theory with a time complexity of O(1).,Recursion
Problem 473: Solve a Dynamic Programming challenge in Go,Easy,Go,"def solution():
    # Implement Sorting Algorithms logic here
    pass",O(n),This solution optimally solves Databases with a time complexity of O(n).,Dynamic Programming
Problem 474: Solve a Graph Theory challenge in Python,Medium,Kotlin,"def solution():
    # Implement Graph Theory logic here
    pass",O(n log n),This solution optimally solves Databases with a time complexity of O(n log n).,Sorting Algorithms
Problem 476: Solve a OOP Concepts challenge in JavaScript,Medium,Kotlin,"def solution():
    # Implement Sorting Algorithms logic here
    pass",O(n^2),This solution optimally solves Graph Theory with a time complexity of O(n^2).,Sorting Algorithms
Problem 477: Solve a OOP Concepts challenge in Java,Medium,C++,"def solution():
    # Implement OOP Concepts logic here
    pass",O(n),This solution optimally solves Machine Learning with a time complexity of O(n).,Data Structures
Problem 478: Solve a Graph Theory challenge in Python,Hard,Python,"def solution():
    # Implement Graph Theory logic here
    pass",O(n log n),This solution optimally solves Recursion with a time complexity of O(n log n).,Data Structures
Problem 483: Solve a OOP Concepts challenge in C++,Easy,Go,"def solution():
    # Implement Data Structures logic here
    pass",O(n^2),This solution optimally solves Data Structures with a time complexity of O(n^2).,Sorting Algorithms
Problem 484: Solve a Data Structures challenge in C++,Hard,Rust,"def solution():
    # Implement Machine Learning logic here
    pass",O(n),This solution optimally solves Recursion with a time complexity of O(n).,Recursion
Problem 485: Solve a OOP Concepts challenge in Swift,Easy,Kotlin,"def solution():
    # Implement Graph Theory logic here
    pass",O(1),This solution optimally solves Graph Theory with a time complexity of O(1).,Graph Theory
Problem 486: Solve a Dynamic Programming challenge in JavaScript,Medium,Rust,"def solution():
    # Implement Databases logic here
    pass",O(log n),This solution optimally solves Dynamic Programming with a time complexity of O(log n).,Dynamic Programming
Problem 487: Solve a OOP Concepts challenge in Python,Hard,Go,"def solution():
    # Implement Data Structures logic here
    pass",O(1),This solution optimally solves Data Structures with a time complexity of O(1).,Sorting Algorithms
Problem 489: Solve a Recursion challenge in Kotlin,Medium,JavaScript,"def solution():
    # Implement Graph Theory logic here
    pass",O(n^2),This solution optimally solves Databases with a time complexity of O(n^2).,Dynamic Programming
Problem 490: Solve a Databases challenge in Kotlin,Medium,C++,"def solution():
    # Implement Machine Learning logic here
    pass",O(n),This solution optimally solves Data Structures with a time complexity of O(n).,Sorting Algorithms
Problem 492: Solve a Data Structures challenge in Java,Hard,Python,"def solution():
    # Implement Dynamic Programming logic here
    pass",O(n^2),This solution optimally solves Dynamic Programming with a time complexity of O(n^2).,Graph Theory
Problem 495: Solve a Data Structures challenge in JavaScript,Medium,Rust,"def solution():
    # Implement Machine Learning logic here
    pass",O(1),This solution optimally solves Databases with a time complexity of O(1).,Dynamic Programming
Problem 496: Solve a Sorting Algorithms challenge in C++,Medium,JavaScript,"def solution():
    # Implement Sorting Algorithms logic here
    pass",O(log n),This solution optimally solves Dynamic Programming with a time complexity of O(log n).,Dynamic Programming
Problem 497: Solve a Data Structures challenge in JavaScript,Medium,JavaScript,"def solution():
    # Implement Data Structures logic here
    pass",O(1),This solution optimally solves Databases with a time complexity of O(1).,Graph Theory
Problem 498: Solve a Dynamic Programming challenge in Python,Easy,JavaScript,"def solution():
    # Implement Dynamic Programming logic here
    pass",O(log n),This solution optimally solves Data Structures with a time complexity of O(log n).,Recursion
Problem 500: Solve a Data Structures challenge in Python,Hard,Kotlin,"def solution():
    # Implement Machine Learning logic here
    pass",O(n),This solution optimally solves OOP Concepts with a time complexity of O(n).,Recursion
